{"stats":{"minecraft:used":{"minecraft:white_wool":97,"minecraft:bedrock":284,"minecraft:light_gray_wool":1,"pokelucky:poke_lucky":69,"pixelmon:white_pc":2,"minecraft:black_wool":10,"minecraft:green_wool":6,"minecraft:chest":4},"minecraft:mined":{"pokelucky:legendaries_lucky":1},"minecraft:dropped":{"minecraft:light_gray_wool":64,"minecraft:white_wool":64,"minecraft:black_wool":64},"minecraft:custom":{"minecraft:open_chest":6,"minecraft:time_since_rest":16120,"minecraft:damage_taken":89,"minecraft:play_one_minute":40439,"minecraft:crouch_one_cm":8802,"minecraft:sprint_one_cm":20681,"minecraft:deaths":2,"minecraft:walk_one_cm":50034,"minecraft:sneak_time":2837,"minecraft:drop":3,"minecraft:jump":324,"minecraft:damage_dealt":13,"minecraft:leave_game":2,"minecraft:time_since_death":16084,"minecraft:fall_one_cm":3589,"minecraft:fly_one_cm":567308},"minecraft:picked_up":{"minecraft:torch":1}},"DataVersion":2586}