{"stat.pickup.minecraft.bone":2,"stat.leaveGame":4,"stat.pickup.minecraft.arrow":2,"stat.entityKilledBy.techguns.ZombieMiner":1,"stat.entityKilledBy.Pig":1,"stat.jump":212,"stat.swimOneCm":45,"stat.fallOneCm":6180,"stat.drop.minecraft.cobblestone":8,"stat.pickup.minecraft.porkchop":6,"stat.crouchOneCm":4618,"stat.pickup.minecraft.dirt":11,"stat.useItem.minecraft.stone_slab2":2,"stat.craftingTableInteraction":9,"stat.pickup.minecraft.rotten_flesh":1,"stat.craftItem.minecraft.stone_axe":1,"stat.drop.minecraft.double_plant":1,"stat.damageTaken":554,"stat.pickup.minecraft.leather":2,"stat.craftItem.minecraft.stone_pickaxe":2,"stat.mineBlock.minecraft.red_flower":1,"stat.useItem.minecraft.wooden_pickaxe":11,"stat.pickup.minecraft.cobblestone":27,"stat.craftItem.minecraft.stone_sword":2,"stat.flyOneCm":38456,"stat.pickup.minecraft.wheat_seeds":5,"stat.drop.minecraft.wheat_seeds":2,"stat.useItem.minecraft.stone_pickaxe":8,"stat.useItem.minecraft.stone_sword":19,"stat.pickup.quark.tallow":6,"stat.damageDealt":661,"stat.timeSinceDeath":3062,"stat.craftItem.minecraft.wooden_pickaxe":2,"stat.killEntity.Pig":3,"stat.pickup.minecraft.double_plant":1,"stat.walkOneCm":29209,"stat.playerKills":1,"stat.craftItem.minecraft.crafting_table":2,"stat.drop.minecraft.dirt":5,"stat.pickup.minecraft.log":10,"stat.pickup.minecraft.beef":1,"stat.sprintOneCm":28544,"stat.pickup.minecraft.apple":1,"stat.craftItem.minecraft.stick":16,"stat.killEntity.Skeleton":1,"stat.craftItem.minecraft.planks":40,"stat.mobKills":7,"stat.mineBlock.minecraft.log":10,"stat.deaths":2,"stat.drop":9,"stat.playOneMinute":12067,"stat.sneakTime":1696,"stat.killEntity.Zombie":1,"stat.mineBlock.minecraft.stone":19,"stat.mineBlock.minecraft.tallgrass":4,"stat.pickup.minecraft.wheat":5}