{"stat.pickup.minecraft.bone":2,"stat.leaveGame":6,"stat.pickup.minecraft.arrow":2,"stat.pickup.minecraft.stone_pickaxe":3,"stat.pickup.minecraft.stone_axe":2,"stat.entityKilledBy.techguns.ZombieMiner":2,"stat.entityKilledBy.Pig":1,"stat.jump":301,"stat.swimOneCm":45,"stat.entityKilledBy.techguns.ZombieFarmer":1,"stat.fallOneCm":8262,"stat.pickup.minecraft.iron_ingot":1,"stat.drop.minecraft.cobblestone":8,"stat.pickup.minecraft.porkchop":8,"stat.pickup.minecraft.gunpowder":8,"stat.crouchOneCm":9323,"stat.pickup.minecraft.dirt":73,"stat.useItem.minecraft.dirt":301,"stat.useItem.minecraft.stone_slab2":130,"stat.craftingTableInteraction":9,"stat.pickup.minecraft.rotten_flesh":5,"stat.drop.quark.tallow":3,"stat.craftItem.minecraft.stone_axe":1,"stat.drop.minecraft.double_plant":1,"stat.pickup.minecraft.wooden_pickaxe":3,"stat.damageTaken":954,"stat.pickup.minecraft.leather":5,"stat.craftItem.minecraft.stone_pickaxe":2,"stat.mineBlock.minecraft.red_flower":1,"stat.useItem.minecraft.wooden_pickaxe":11,"stat.pickup.minecraft.cobblestone":44,"stat.pickup.minecraft.planks":7,"stat.craftItem.minecraft.stone_sword":2,"stat.flyOneCm":84569,"stat.pickup.minecraft.wheat_seeds":7,"stat.drop.minecraft.wheat_seeds":2,"stat.useItem.minecraft.stone_pickaxe":8,"stat.useItem.minecraft.stone_sword":19,"stat.pickup.quark.tallow":23,"stat.damageDealt":661,"stat.pickup.minecraft.redstone":6,"stat.timeSinceDeath":3937,"stat.craftItem.minecraft.wooden_pickaxe":2,"stat.killEntity.Pig":3,"stat.pickup.minecraft.double_plant":5,"stat.pickup.techguns.itemshared":1,"stat.walkOneCm":34827,"stat.playerKills":1,"stat.pickup.minecraft.stick":1,"stat.craftItem.minecraft.crafting_table":2,"stat.drop.minecraft.dirt":9,"stat.pickup.minecraft.log":10,"stat.pickup.minecraft.beef":3,"stat.pickup.minecraft.stone":1,"stat.sprintOneCm":37480,"stat.drop.minecraft.leather":1,"stat.pickup.minecraft.apple":7,"stat.craftItem.minecraft.stick":16,"stat.killEntity.Skeleton":1,"stat.craftItem.minecraft.planks":40,"stat.pickup.minecraft.grass":1,"stat.pickup.minecraft.bread":4,"stat.mobKills":7,"stat.mineBlock.minecraft.log":10,"stat.deaths":5,"stat.drop":13,"stat.playOneMinute":20540,"stat.sneakTime":2931,"stat.drop.minecraft.beef":2,"stat.killEntity.Zombie":1,"stat.mineBlock.minecraft.stone":19,"stat.mineBlock.minecraft.tallgrass":4,"stat.pickup.minecraft.wheat":7}