{"stats":{"minecraft:used":{"minecraft:birch_fence":3,"minecraft:netherite_sword":33,"minecraft:black_wool":10,"minecraft:green_wool":6,"minecraft:chest":4,"minecraft:bedrock":284,"minecraft:light_gray_wool":1,"minecraft:white_wool":97,"pokelucky:poke_lucky":94,"pixelmon:white_pc":2,"minecraft:cooked_porkchop":1,"minecraft:experience_bottle":21},"minecraft:mined":{"pokelucky:ultrabeasts_lucky":4,"pokelucky:legendaries_lucky":1},"minecraft:killed":{"pokelucky:moster":2},"minecraft:dropped":{"minecraft:porkchop":1,"minecraft:light_gray_wool":64,"minecraft:white_wool":64,"minecraft:black_wool":64},"minecraft:custom":{"minecraft:time_since_rest":245,"minecraft:sprint_one_cm":80849,"minecraft:damage_taken":848,"minecraft:walk_one_cm":133734,"minecraft:mob_kills":2,"minecraft:drop":4,"minecraft:damage_dealt":824,"minecraft:fly_one_cm":750230,"minecraft:player_kills":4,"minecraft:open_chest":17,"minecraft:crouch_one_cm":9864,"minecraft:play_one_minute":76439,"minecraft:deaths":33,"minecraft:sneak_time":3072,"minecraft:jump":1342,"minecraft:leave_game":2,"minecraft:time_since_death":219,"minecraft:fall_one_cm":45766},"minecraft:killed_by":{"minecraft:player":5},"minecraft:picked_up":{"minecraft:milk_bucket":1,"minecraft:torch":1,"pixelmon:poke_ball":1,"minecraft:porkchop":1,"minecraft:cookie":15,"pixelmon:rare_candy":56,"pixelmon:dawn_stone":90,"pokelucky:poke_lucky":82,"minecraft:birch_fence":64,"minecraft:apple":27,"minecraft:diamond":54,"minecraft:netherite_sword":1,"minecraft:emerald":26}},"DataVersion":2586}