{"stats":{"minecraft:used":{"minecraft:birch_fence":3,"minecraft:netherite_sword":41,"minecraft:black_wool":10,"minecraft:green_wool":6,"minecraft:chest":4,"minecraft:bedrock":284,"minecraft:light_gray_wool":1,"minecraft:white_wool":97,"pokelucky:poke_lucky":101,"pixelmon:white_pc":2,"minecraft:cooked_porkchop":1,"minecraft:milk_bucket":1,"minecraft:experience_bottle":21},"minecraft:mined":{"pokelucky:ultrabeasts_lucky":5,"pokelucky:legendaries_lucky":1},"minecraft:killed":{"pokelucky:moster":3},"minecraft:dropped":{"minecraft:porkchop":1,"minecraft:light_gray_wool":64,"minecraft:bucket":3,"minecraft:white_wool":64,"minecraft:black_wool":64},"minecraft:custom":{"minecraft:time_since_rest":6301,"minecraft:sprint_one_cm":106697,"minecraft:damage_taken":1047,"minecraft:walk_one_cm":158037,"minecraft:mob_kills":3,"minecraft:drop":7,"minecraft:damage_dealt":1082,"minecraft:fly_one_cm":809081,"minecraft:player_kills":8,"minecraft:open_chest":20,"minecraft:crouch_one_cm":10572,"minecraft:play_one_minute":94439,"minecraft:deaths":44,"minecraft:sneak_time":3455,"minecraft:jump":1641,"minecraft:leave_game":2,"minecraft:time_since_death":6272,"minecraft:inspect_dispenser":1,"minecraft:fall_one_cm":56007},"minecraft:killed_by":{"minecraft:player":5,"pokelucky:moster":1},"minecraft:picked_up":{"minecraft:milk_bucket":2,"minecraft:torch":1,"pixelmon:poke_ball":1,"pixelmon:plasma_helm":1,"minecraft:porkchop":1,"minecraft:cookie":15,"pixelmon:rare_candy":56,"pixelmon:dawn_stone":90,"pokelucky:poke_lucky":82,"minecraft:birch_fence":64,"minecraft:apple":27,"minecraft:diamond":54,"minecraft:bucket":2,"minecraft:netherite_sword":1,"minecraft:emerald":26,"minecraft:black_wool":1,"minecraft:white_wool":1}},"DataVersion":2586}