{"stats":{"minecraft:used":{"minecraft:birch_fence":3,"minecraft:white_wool":97,"minecraft:bedrock":284,"minecraft:light_gray_wool":1,"pokelucky:poke_lucky":71,"pixelmon:white_pc":2,"minecraft:black_wool":10,"minecraft:cooked_porkchop":1,"minecraft:green_wool":6,"minecraft:chest":4,"minecraft:netherite_sword":1},"minecraft:mined":{"pokelucky:legendaries_lucky":1,"pokelucky:ultrabeasts_lucky":1},"minecraft:dropped":{"minecraft:light_gray_wool":64,"minecraft:porkchop":1,"minecraft:white_wool":64,"minecraft:black_wool":64},"minecraft:custom":{"minecraft:open_chest":8,"minecraft:time_since_rest":547,"minecraft:damage_taken":410,"minecraft:play_one_minute":52439,"minecraft:crouch_one_cm":9262,"minecraft:sprint_one_cm":36915,"minecraft:deaths":13,"minecraft:walk_one_cm":84256,"minecraft:sneak_time":2950,"minecraft:drop":4,"minecraft:jump":632,"minecraft:damage_dealt":59,"minecraft:leave_game":2,"minecraft:time_since_death":523,"minecraft:fall_one_cm":15057,"minecraft:fly_one_cm":618285,"minecraft:player_kills":1},"minecraft:killed_by":{"minecraft:player":2},"minecraft:picked_up":{"minecraft:torch":1,"pixelmon:poke_ball":1,"minecraft:porkchop":1}},"DataVersion":2586}