{"stats":{"minecraft:used":{"minecraft:birch_fence":3,"minecraft:netherite_sword":41,"minecraft:black_wool":10,"minecraft:green_wool":6,"minecraft:chest":4,"pokelucky:legendaries_lucky":151,"minecraft:bedrock":284,"minecraft:light_gray_wool":1,"minecraft:white_wool":99,"pokelucky:poke_lucky":101,"pixelmon:white_pc":2,"minecraft:tnt":9,"minecraft:cooked_porkchop":1,"minecraft:stone_pressure_plate":1,"minecraft:milk_bucket":1,"minecraft:experience_bottle":21},"minecraft:mined":{"pokelucky:ultrabeasts_lucky":5,"pokelucky:legendaries_lucky":1},"minecraft:killed":{"pokelucky:moster":3},"minecraft:dropped":{"minecraft:porkchop":1,"minecraft:tnt":1,"minecraft:stone_pressure_plate":3,"minecraft:cobblestone":40,"minecraft:light_gray_wool":64,"minecraft:bucket":3,"minecraft:white_wool":65,"minecraft:black_wool":65},"minecraft:custom":{"minecraft:time_since_rest":20856,"minecraft:sprint_one_cm":119650,"minecraft:damage_taken":1047,"minecraft:walk_one_cm":200576,"minecraft:mob_kills":3,"minecraft:drop":13,"minecraft:damage_dealt":1082,"minecraft:fly_one_cm":905731,"minecraft:player_kills":8,"minecraft:open_chest":21,"minecraft:crouch_one_cm":11077,"minecraft:play_one_minute":118439,"minecraft:deaths":45,"minecraft:sneak_time":3700,"minecraft:jump":1962,"minecraft:leave_game":2,"minecraft:time_since_death":20831,"minecraft:inspect_dispenser":1,"minecraft:fall_one_cm":58724},"minecraft:killed_by":{"minecraft:player":5,"pokelucky:moster":1},"minecraft:picked_up":{"pixelmon:thunder_stone":326,"minecraft:milk_bucket":308,"minecraft:torch":1,"pixelmon:poke_ball":371,"pixelmon:plasma_helm":1,"minecraft:porkchop":1,"pixelmon:fire_stone":256,"minecraft:cookie":303,"pixelmon:water_stone":334,"pixelmon:moon_stone":324,"pixelmon:rare_candy":194,"pixelmon:dawn_stone":545,"minecraft:stone_pressure_plate":1,"pokelucky:poke_lucky":371,"minecraft:experience_bottle":367,"minecraft:birch_fence":64,"minecraft:apple":342,"minecraft:diamond":401,"pixelmon:sun_stone":368,"minecraft:bucket":2,"minecraft:netherite_sword":1,"minecraft:emerald":343,"minecraft:black_wool":1,"minecraft:white_wool":1,"minecraft:cobblestone":40}},"DataVersion":2586}