{"stats":{"minecraft:used":{"minecraft:green_wool":3,"minecraft:light_gray_wool":1,"minecraft:bedrock":105,"minecraft:white_wool":5,"pokelucky:poke_lucky":68,"minecraft:black_wool":10},"minecraft:mined":{"pokelucky:legendaries_lucky":1},"minecraft:dropped":{"minecraft:light_gray_wool":64,"minecraft:white_wool":64,"minecraft:black_wool":64},"minecraft:custom":{"minecraft:jump":222,"minecraft:time_since_rest":4120,"minecraft:crouch_one_cm":8130,"minecraft:play_one_minute":28439,"minecraft:leave_game":2,"minecraft:sprint_one_cm":11796,"minecraft:time_since_death":4084,"minecraft:walk_one_cm":28364,"minecraft:sneak_time":2367,"minecraft:fall_one_cm":2275,"minecraft:drop":3,"minecraft:fly_one_cm":456168,"minecraft:deaths":2,"minecraft:damage_taken":70}},"DataVersion":2586}