{"stats":{"minecraft:used":{"minecraft:birch_fence":3,"minecraft:white_wool":97,"minecraft:bedrock":284,"minecraft:light_gray_wool":1,"pokelucky:poke_lucky":90,"pixelmon:white_pc":2,"minecraft:black_wool":10,"minecraft:cooked_porkchop":1,"minecraft:green_wool":6,"minecraft:chest":4,"minecraft:experience_bottle":21,"minecraft:netherite_sword":21},"minecraft:mined":{"pokelucky:legendaries_lucky":1,"pokelucky:ultrabeasts_lucky":3},"minecraft:dropped":{"minecraft:light_gray_wool":64,"minecraft:porkchop":1,"minecraft:white_wool":64,"minecraft:black_wool":64},"minecraft:custom":{"minecraft:open_chest":15,"minecraft:time_since_rest":438,"minecraft:damage_taken":699,"minecraft:play_one_minute":64439,"minecraft:crouch_one_cm":9864,"minecraft:sprint_one_cm":54960,"minecraft:deaths":22,"minecraft:walk_one_cm":109823,"minecraft:sneak_time":3072,"minecraft:drop":4,"minecraft:jump":931,"minecraft:damage_dealt":536,"minecraft:leave_game":2,"minecraft:time_since_death":413,"minecraft:fall_one_cm":30509,"minecraft:fly_one_cm":669428,"minecraft:player_kills":4},"minecraft:killed_by":{"minecraft:player":4},"minecraft:picked_up":{"minecraft:diamond":54,"minecraft:torch":1,"minecraft:netherite_sword":1,"pixelmon:poke_ball":1,"minecraft:porkchop":1,"minecraft:cookie":15,"minecraft:emerald":26,"minecraft:milk_bucket":1,"minecraft:birch_fence":64,"pokelucky:poke_lucky":82,"pixelmon:rare_candy":56,"pixelmon:dawn_stone":90}},"DataVersion":2586}