{"stat.pickup.techguns.itemshared":2,"stat.walkOneCm":23774,"stat.entityKilledBy.Spider":1,"stat.craftItem.minecraft.planks":24,"stat.useItem.minecraft.egg":2,"stat.leaveGame":3,"stat.damageTaken":990,"stat.useItem.minecraft.apple":2,"stat.mobKills":1,"stat.mineBlock.minecraft.log":6,"stat.pickup.minecraft.planks":21,"stat.pickup.minecraft.log":6,"stat.entityKilledBy.Pig":1,"stat.flyOneCm":61042,"stat.deaths":3,"stat.mineBlock.minecraft.planks":2,"stat.jump":446,"stat.mineBlock.minecraft.leaves":41,"stat.pickup.minecraft.egg":2,"stat.swimOneCm":1929,"stat.playOneMinute":10515,"stat.fallOneCm":13646,"stat.useItem.minecraft.planks":25,"stat.sneakTime":2718,"stat.entityKilledBy.Skeleton":1,"stat.pickup.quark.tallow":3,"stat.damageDealt":173,"stat.pickup.minecraft.porkchop":4,"stat.pickup.minecraft.gunpowder":1,"stat.crouchOneCm":9656,"stat.timeSinceDeath":1269,"stat.pickup.minecraft.sapling":2,"stat.pickup.minecraft.dirt":2,"stat.useItem.minecraft.dirt":1,"stat.sprintOneCm":21344,"stat.mineBlock.minecraft.dirt":2,"stat.useItem.minecraft.stone_slab2":1,"stat.killEntity.Pig":1,"stat.pickup.minecraft.apple":4}