{"stats":{"minecraft:used":{"pokelucky:poke_lucky":23,"minecraft:oak_planks":19,"minecraft:blue_ice":3,"pokelucky:legendaries_lucky":29,"pixelmon:yache_berry":1},"minecraft:mined":{"minecraft:oak_log":5,"pokelucky:ultrabeasts_lucky":2,"pokelucky:legendaries_lucky":30,"minecraft:tall_grass":1,"minecraft:oak_leaves":2},"minecraft:custom":{"minecraft:open_chest":8,"minecraft:time_since_rest":865,"minecraft:crouch_one_cm":2573,"minecraft:play_one_minute":19775,"minecraft:deaths":2,"minecraft:sprint_one_cm":35233,"minecraft:damage_taken":580,"minecraft:walk_one_cm":71282,"minecraft:sneak_time":841,"minecraft:walk_under_water_one_cm":2576,"minecraft:mob_kills":1,"minecraft:drop":8,"minecraft:jump":511,"minecraft:damage_dealt":46,"minecraft:leave_game":2,"minecraft:walk_on_water_one_cm":2203,"minecraft:time_since_death":830,"minecraft:climb_one_cm":1463,"minecraft:swim_one_cm":11395,"minecraft:fall_one_cm":17312,"minecraft:fly_one_cm":83131,"minecraft:inspect_dispenser":2},"minecraft:dropped":{"pixelmon:water_stone":4,"pixelmon:poke_ball_lid":3,"pixelmon:aluminum_base":3},"minecraft:killed_by":{"pokelucky:moster":1},"minecraft:picked_up":{"pixelmon:poke_ball_lid":3,"pixelmon:poke_ball":49,"minecraft:stone_button":3,"pixelmon:iron_base":1,"minecraft:oak_log":5,"pixelmon:aluminum_base":3,"pokelucky:legendaries_lucky":29},"minecraft:crafted":{"minecraft:oak_planks":20}},"DataVersion":2586}