{"stats":{"minecraft:used":{"minecraft:oak_planks":12,"pokelucky:legendaries_lucky":11},"minecraft:mined":{"minecraft:tall_grass":1,"minecraft:oak_log":5,"pokelucky:legendaries_lucky":11},"minecraft:custom":{"minecraft:jump":117,"minecraft:time_since_rest":8257,"minecraft:crouch_one_cm":1983,"minecraft:play_one_minute":8257,"minecraft:sprint_one_cm":4274,"minecraft:time_since_death":8257,"minecraft:walk_one_cm":37087,"minecraft:sneak_time":485,"minecraft:fall_one_cm":1254,"minecraft:fly_one_cm":14353,"minecraft:inspect_dispenser":2},"minecraft:picked_up":{"pixelmon:poke_ball":38,"minecraft:oak_log":5,"pokelucky:legendaries_lucky":29},"minecraft:crafted":{"minecraft:oak_planks":20}},"DataVersion":2586}