{"stat.chestOpened":4,"stat.pickup.minecraft.gravel":1,"stat.leaveGame":2,"stat.craftItem.minecraft.cooked_porkchop":5,"stat.pickup.minecraft.stone_pickaxe":2,"stat.pickup.minecraft.stone_axe":1,"stat.mineBlock.minecraft.deadbush":4,"stat.craftItem.minecraft.coal":1,"stat.jump":638,"stat.swimOneCm":3416,"stat.fallOneCm":16606,"stat.drop.minecraft.feather":1,"stat.useItem.minecraft.stone_axe":17,"stat.pickup.minecraft.porkchop":5,"stat.crouchOneCm":4561,"stat.pickup.minecraft.dirt":46,"stat.useItem.minecraft.dirt":35,"stat.useItem.minecraft.stone_slab2":7,"stat.craftingTableInteraction":4,"stat.pickup.minecraft.rotten_flesh":1,"stat.pickup.minecraft.sand":4,"stat.useItem.minecraft.egg":1,"stat.craftItem.minecraft.stone_axe":1,"stat.pickup.minecraft.wooden_pickaxe":2,"stat.damageTaken":1275,"stat.pickup.minecraft.feather":1,"stat.mineBlock.minecraft.furnace":1,"stat.pickup.minecraft.cobblestone":61,"stat.pickup.minecraft.planks":26,"stat.useItem.minecraft.stone_shovel":14,"stat.flyOneCm":127453,"stat.pickup.minecraft.wheat_seeds":5,"stat.mineBlock.minecraft.sand":4,"stat.drop.minecraft.wheat_seeds":4,"stat.entityKilledBy.Zombie":2,"stat.useItem.minecraft.stone_pickaxe":30,"stat.useItem.minecraft.cooked_beef":2,"stat.pickup.minecraft.cactus":1,"stat.useItem.minecraft.stone_sword":24,"stat.pickup.quark.tallow":3,"stat.damageDealt":599,"stat.timeSinceDeath":3923,"stat.mineBlock.minecraft.dirt":18,"stat.craftItem.minecraft.stone_shovel":1,"stat.pickup.techguns.itemshared":1,"stat.walkOneCm":56685,"stat.playerKills":1,"stat.pickup.minecraft.stick":9,"stat.useItem.minecraft.log":1,"stat.pickup.minecraft.crafting_table":1,"stat.craftItem.minecraft.crafting_table":1,"stat.furnaceInteraction":18,"stat.useItem.minecraft.cooked_porkchop":1,"stat.mineBlock.minecraft.double_plant":1,"stat.pickup.realistictorches.torch_unlit":1,"stat.pickup.minecraft.log":23,"stat.useItem.realistictorches.torch_unlit":1,"stat.pickup.minecraft.furnace":1,"stat.craftItem.realistictorches.torch_unlit":4,"stat.craftItem.minecraft.stone_slab2":0,"stat.mineBlock.realistictorches.torch_unlit":1,"stat.pickup.minecraft.sapling":1,"stat.sprintOneCm":99501,"stat.pickup.minecraft.cooked_beef":4,"stat.craftItem.minecraft.stick":4,"stat.mineBlock.minecraft.cactus":1,"stat.craftItem.minecraft.planks":76,"stat.pickup.minecraft.stone_sword":1,"stat.mobKills":1,"stat.mineBlock.minecraft.log":22,"stat.deaths":5,"stat.drop":5,"stat.mineBlock.minecraft.leaves":5,"stat.pickup.minecraft.egg":1,"stat.playOneMinute":26731,"stat.sneakTime":2087,"stat.killEntity.Zombie":1,"stat.mineBlock.minecraft.stone":28,"stat.mineBlock.minecraft.tallgrass":3,"stat.diveOneCm":1370,"stat.pickup.minecraft.wheat":2}