{"stats":{"minecraft:used":{"minecraft:birch_fence":10,"pixelmon:black_pc":2,"minecraft:black_wool":35,"minecraft:red_wool":8,"minecraft:green_wool":81,"minecraft:bedrock":3,"minecraft:white_wool":105,"minecraft:golden_apple":2,"pokelucky:poke_lucky":84,"minecraft:diamond_sword":7,"minecraft:dark_oak_trapdoor":14,"minecraft:milk_bucket":2,"minecraft:experience_bottle":6},"minecraft:mined":{"pokelucky:ultrabeasts_lucky":5,"minecraft:dead_bush":1,"pokelucky:legendaries_lucky":5},"minecraft:killed":{"pokelucky:musashi":1},"minecraft:dropped":{"pixelmon:thunder_stone":51,"minecraft:birch_fence":64,"minecraft:porkchop":1,"minecraft:milk_bucket":60,"minecraft:chicken":4,"minecraft:apple":27,"pixelmon:sun_stone":5,"pixelmon:moon_stone":16,"pokelucky:poke_lucky":30,"minecraft:bedrock":2,"minecraft:black_wool":1},"minecraft:custom":{"minecraft:time_since_rest":245,"minecraft:sprint_one_cm":72037,"minecraft:damage_taken":565,"minecraft:damage_absorbed":12,"minecraft:walk_one_cm":184414,"minecraft:mob_kills":4,"minecraft:drop":18,"minecraft:damage_dealt":455,"minecraft:fly_one_cm":240548,"minecraft:player_kills":9,"minecraft:open_chest":19,"minecraft:crouch_one_cm":15030,"minecraft:play_one_minute":65483,"minecraft:deaths":33,"minecraft:sneak_time":4840,"minecraft:jump":687,"minecraft:time_since_death":221,"minecraft:fall_one_cm":10453,"minecraft:horse_one_cm":81696},"minecraft:killed_by":{"minecraft:player":4,"pokelucky:moster":1},"minecraft:picked_up":{"pixelmon:moon_stone_boots":1,"minecraft:milk_bucket":17,"minecraft:chicken":2,"minecraft:cooked_porkchop":63,"minecraft:diamond_sword":1,"pixelmon:poke_ball":448,"minecraft:porkchop":1,"pokelucky:poke_lucky":222,"minecraft:birch_fence":64,"minecraft:emerald":18}},"DataVersion":2586}