{"stats":{"minecraft:used":{"minecraft:birch_fence":10,"pixelmon:black_pc":2,"minecraft:netherite_sword":24,"minecraft:black_wool":35,"minecraft:red_wool":8,"minecraft:dispenser":1,"minecraft:oak_button":1,"minecraft:green_wool":81,"minecraft:bedrock":3,"minecraft:white_wool":105,"minecraft:golden_apple":7,"pokelucky:poke_lucky":93,"minecraft:diamond_sword":7,"minecraft:dark_oak_trapdoor":14,"minecraft:milk_bucket":2,"minecraft:experience_bottle":26},"minecraft:mined":{"pokelucky:ultrabeasts_lucky":6,"minecraft:dead_bush":1,"pokelucky:legendaries_lucky":53},"minecraft:killed":{"pokelucky:musashi":1,"pokelucky:moster":1},"minecraft:dropped":{"pixelmon:plasma_helm":1,"pixelmon:thunder_stone":51,"minecraft:birch_fence":64,"minecraft:porkchop":1,"minecraft:milk_bucket":63,"minecraft:chicken":4,"pixelmon:pokemon_editor":1,"minecraft:apple":27,"pixelmon:sun_stone":5,"pixelmon:moon_stone":16,"pokelucky:poke_lucky":30,"minecraft:bedrock":2,"pixelmon:stardust":2,"minecraft:black_wool":1},"minecraft:custom":{"minecraft:time_since_rest":1651,"minecraft:sprint_one_cm":101227,"minecraft:damage_taken":1020,"minecraft:damage_absorbed":41,"minecraft:walk_one_cm":328189,"minecraft:mob_kills":5,"minecraft:drop":25,"minecraft:damage_dealt":862,"minecraft:fly_one_cm":309998,"minecraft:player_kills":11,"minecraft:open_chest":21,"minecraft:crouch_one_cm":19239,"minecraft:play_one_minute":140985,"minecraft:deaths":51,"minecraft:sneak_time":6008,"minecraft:jump":1016,"minecraft:leave_game":1,"minecraft:time_since_death":1629,"minecraft:inspect_dispenser":1,"minecraft:fall_one_cm":19670,"minecraft:horse_one_cm":111811},"minecraft:killed_by":{"minecraft:player":7,"pokelucky:moster":1},"minecraft:picked_up":{"pixelmon:moon_stone_boots":1,"minecraft:milk_bucket":17,"minecraft:chicken":2,"minecraft:cooked_porkchop":63,"minecraft:diamond_sword":1,"pixelmon:poke_ball":496,"pixelmon:plasma_helm":1,"minecraft:porkchop":1,"pixelmon:rare_candy":54,"pokelucky:poke_lucky":277,"minecraft:birch_fence":64,"pixelmon:stardust":2,"pixelmon:moon_stone_legs":1,"minecraft:emerald":18}},"DataVersion":2586}