{"stats":{"minecraft:used":{"minecraft:bedrock":1,"pokelucky:poke_lucky":25,"minecraft:diamond_sword":2,"pixelmon:black_pc":2,"minecraft:green_wool":1},"minecraft:killed":{"pokelucky:musashi":1},"minecraft:custom":{"minecraft:jump":105,"minecraft:open_chest":5,"minecraft:time_since_rest":4120,"minecraft:damage_dealt":73,"minecraft:crouch_one_cm":2588,"minecraft:play_one_minute":17483,"minecraft:deaths":2,"minecraft:sprint_one_cm":6141,"minecraft:time_since_death":4095,"minecraft:walk_one_cm":43549,"minecraft:sneak_time":638,"minecraft:mob_kills":2,"minecraft:fall_one_cm":418,"minecraft:fly_one_cm":87141,"minecraft:horse_one_cm":77942},"minecraft:picked_up":{"pokelucky:poke_lucky":64,"minecraft:diamond_sword":1,"pixelmon:poke_ball":294}},"DataVersion":2586}