{"stats":{"minecraft:used":{"minecraft:birch_fence":10,"pixelmon:black_pc":2,"minecraft:netherite_sword":23,"minecraft:black_wool":35,"minecraft:red_wool":8,"minecraft:dispenser":1,"minecraft:oak_button":1,"minecraft:green_wool":81,"minecraft:bedrock":3,"minecraft:white_wool":105,"minecraft:golden_apple":7,"pokelucky:poke_lucky":93,"minecraft:diamond_sword":7,"minecraft:dark_oak_trapdoor":14,"minecraft:milk_bucket":2,"minecraft:experience_bottle":26},"minecraft:mined":{"pokelucky:ultrabeasts_lucky":6,"minecraft:dead_bush":1,"pokelucky:legendaries_lucky":6},"minecraft:killed":{"pokelucky:musashi":1,"pokelucky:moster":1},"minecraft:dropped":{"pixelmon:plasma_helm":1,"pixelmon:thunder_stone":51,"minecraft:birch_fence":64,"minecraft:porkchop":1,"minecraft:milk_bucket":63,"minecraft:chicken":4,"pixelmon:pokemon_editor":1,"minecraft:apple":27,"pixelmon:sun_stone":5,"pixelmon:moon_stone":16,"pokelucky:poke_lucky":30,"minecraft:bedrock":2,"minecraft:black_wool":1},"minecraft:custom":{"minecraft:time_since_rest":8856,"minecraft:sprint_one_cm":91569,"minecraft:damage_taken":952,"minecraft:damage_absorbed":41,"minecraft:walk_one_cm":263922,"minecraft:mob_kills":5,"minecraft:drop":23,"minecraft:damage_dealt":845,"minecraft:fly_one_cm":281639,"minecraft:player_kills":11,"minecraft:open_chest":20,"minecraft:crouch_one_cm":17720,"minecraft:play_one_minute":95483,"minecraft:deaths":46,"minecraft:sneak_time":5660,"minecraft:jump":907,"minecraft:time_since_death":8830,"minecraft:inspect_dispenser":1,"minecraft:fall_one_cm":17890,"minecraft:horse_one_cm":88026},"minecraft:killed_by":{"minecraft:player":7,"pokelucky:moster":1},"minecraft:picked_up":{"pixelmon:moon_stone_boots":1,"minecraft:milk_bucket":17,"minecraft:chicken":2,"minecraft:cooked_porkchop":63,"minecraft:diamond_sword":1,"pixelmon:poke_ball":496,"pixelmon:plasma_helm":1,"minecraft:porkchop":1,"pixelmon:rare_candy":54,"pokelucky:poke_lucky":277,"minecraft:birch_fence":64,"pixelmon:moon_stone_legs":1,"minecraft:emerald":18}},"DataVersion":2586}