{"stat.craftItem.minecraft.stone_shovel":1,"stat.walkOneCm":23899,"stat.playerKills":1,"stat.pickup.minecraft.stick":5,"stat.pickup.minecraft.gravel":1,"stat.leaveGame":1,"stat.useItem.minecraft.log":1,"stat.pickup.minecraft.crafting_table":1,"stat.craftItem.minecraft.cooked_porkchop":3,"stat.pickup.minecraft.stone_pickaxe":2,"stat.craftItem.minecraft.crafting_table":1,"stat.pickup.minecraft.stone_axe":1,"stat.furnaceInteraction":9,"stat.pickup.minecraft.log":23,"stat.jump":163,"stat.swimOneCm":618,"stat.fallOneCm":4372,"stat.pickup.minecraft.furnace":1,"stat.useItem.minecraft.stone_axe":17,"stat.craftItem.minecraft.stone_slab2":0,"stat.pickup.minecraft.porkchop":5,"stat.crouchOneCm":3072,"stat.pickup.minecraft.sapling":1,"stat.pickup.minecraft.dirt":28,"stat.useItem.minecraft.dirt":13,"stat.sprintOneCm":37664,"stat.useItem.minecraft.stone_slab2":3,"stat.pickup.minecraft.cooked_beef":4,"stat.craftingTableInteraction":2,"stat.pickup.minecraft.rotten_flesh":1,"stat.craftItem.minecraft.planks":52,"stat.craftItem.minecraft.stone_axe":1,"stat.pickup.minecraft.wooden_pickaxe":2,"stat.damageTaken":335,"stat.pickup.minecraft.stone_sword":1,"stat.mineBlock.minecraft.furnace":1,"stat.pickup.minecraft.cobblestone":48,"stat.mineBlock.minecraft.log":22,"stat.pickup.minecraft.planks":26,"stat.useItem.minecraft.stone_shovel":10,"stat.flyOneCm":28160,"stat.deaths":1,"stat.pickup.minecraft.wheat_seeds":1,"stat.drop":1,"stat.mineBlock.minecraft.leaves":5,"stat.playOneMinute":11099,"stat.drop.minecraft.wheat_seeds":1,"stat.useItem.minecraft.stone_pickaxe":18,"stat.useItem.minecraft.cooked_beef":2,"stat.sneakTime":938,"stat.useItem.minecraft.stone_sword":5,"stat.pickup.quark.tallow":3,"stat.damageDealt":308,"stat.timeSinceDeath":7028,"stat.mineBlock.minecraft.dirt":13,"stat.mineBlock.minecraft.stone":16}