{"stats":{"minecraft:used":{"minecraft:birch_fence":10,"pixelmon:black_pc":2,"minecraft:bedrock":3,"minecraft:white_wool":105,"minecraft:dark_oak_trapdoor":14,"pokelucky:poke_lucky":54,"minecraft:black_wool":35,"minecraft:diamond_sword":7,"minecraft:red_wool":8,"minecraft:green_wool":81,"minecraft:golden_apple":1},"minecraft:mined":{"minecraft:dead_bush":1,"pokelucky:legendaries_lucky":2,"pokelucky:ultrabeasts_lucky":2},"minecraft:killed":{"pokelucky:musashi":1},"minecraft:dropped":{"minecraft:porkchop":1,"minecraft:bedrock":2,"minecraft:chicken":4,"minecraft:black_wool":1},"minecraft:custom":{"minecraft:time_since_rest":547,"minecraft:open_chest":11,"minecraft:play_one_minute":41483,"minecraft:crouch_one_cm":9929,"minecraft:sprint_one_cm":37845,"minecraft:walk_one_cm":110707,"minecraft:deaths":12,"minecraft:sneak_time":3287,"minecraft:mob_kills":2,"minecraft:drop":8,"minecraft:jump":415,"minecraft:damage_dealt":205,"minecraft:time_since_death":522,"minecraft:player_kills":2,"minecraft:damage_absorbed":12,"minecraft:fall_one_cm":6842,"minecraft:fly_one_cm":189912,"minecraft:damage_taken":91,"minecraft:horse_one_cm":77942},"minecraft:killed_by":{"minecraft:player":1},"minecraft:picked_up":{"pokelucky:poke_lucky":64,"minecraft:diamond_sword":1,"pixelmon:poke_ball":294,"minecraft:porkchop":1,"minecraft:chicken":2}},"DataVersion":2586}