{"stats":{"minecraft:used":{"minecraft:birch_fence":10,"pixelmon:black_pc":2,"minecraft:bedrock":3,"minecraft:white_wool":105,"minecraft:dark_oak_trapdoor":14,"pokelucky:poke_lucky":46,"minecraft:black_wool":35,"minecraft:diamond_sword":2,"minecraft:red_wool":8,"minecraft:green_wool":81,"minecraft:golden_apple":1},"minecraft:mined":{"pokelucky:ultrabeasts_lucky":1},"minecraft:dropped":{"minecraft:bedrock":2,"minecraft:black_wool":1},"minecraft:killed":{"pokelucky:musashi":1},"minecraft:custom":{"minecraft:time_since_rest":16120,"minecraft:open_chest":6,"minecraft:play_one_minute":29483,"minecraft:crouch_one_cm":7447,"minecraft:sprint_one_cm":8060,"minecraft:walk_one_cm":72972,"minecraft:deaths":2,"minecraft:sneak_time":2299,"minecraft:mob_kills":2,"minecraft:drop":3,"minecraft:jump":186,"minecraft:damage_dealt":75,"minecraft:time_since_death":16095,"minecraft:damage_absorbed":2,"minecraft:fall_one_cm":1917,"minecraft:fly_one_cm":154422,"minecraft:damage_taken":80,"minecraft:horse_one_cm":77942},"minecraft:picked_up":{"pokelucky:poke_lucky":64,"minecraft:diamond_sword":1,"pixelmon:poke_ball":294}},"DataVersion":2586}