{"stats":{"minecraft:used":{"minecraft:birch_fence":10,"pixelmon:black_pc":2,"minecraft:black_wool":35,"minecraft:red_wool":8,"minecraft:green_wool":81,"minecraft:bedrock":3,"minecraft:white_wool":105,"minecraft:golden_apple":2,"pokelucky:poke_lucky":71,"minecraft:diamond_sword":7,"minecraft:dark_oak_trapdoor":14,"minecraft:milk_bucket":2,"minecraft:experience_bottle":6},"minecraft:mined":{"pokelucky:ultrabeasts_lucky":4,"minecraft:dead_bush":1,"pokelucky:legendaries_lucky":3},"minecraft:killed":{"pokelucky:musashi":1},"minecraft:dropped":{"pixelmon:thunder_stone":51,"minecraft:birch_fence":64,"minecraft:porkchop":1,"minecraft:milk_bucket":60,"minecraft:chicken":4,"pixelmon:sun_stone":5,"pixelmon:moon_stone":16,"minecraft:bedrock":2,"minecraft:black_wool":1},"minecraft:custom":{"minecraft:time_since_rest":438,"minecraft:sprint_one_cm":58511,"minecraft:damage_taken":452,"minecraft:damage_absorbed":12,"minecraft:walk_one_cm":151081,"minecraft:mob_kills":2,"minecraft:drop":16,"minecraft:damage_dealt":372,"minecraft:fly_one_cm":222115,"minecraft:player_kills":6,"minecraft:open_chest":17,"minecraft:crouch_one_cm":12454,"minecraft:play_one_minute":53483,"minecraft:deaths":20,"minecraft:sneak_time":4121,"minecraft:jump":583,"minecraft:time_since_death":410,"minecraft:fall_one_cm":9199,"minecraft:horse_one_cm":81696},"minecraft:killed_by":{"minecraft:player":3},"minecraft:picked_up":{"minecraft:chicken":2,"minecraft:diamond_sword":1,"pixelmon:poke_ball":329,"minecraft:porkchop":1,"pokelucky:poke_lucky":64,"minecraft:birch_fence":64,"minecraft:emerald":9}},"DataVersion":2586}