{"stats":{"minecraft:used":{"minecraft:birch_fence":10,"pixelmon:black_pc":2,"minecraft:netherite_sword":24,"minecraft:black_wool":35,"minecraft:red_wool":8,"minecraft:dispenser":1,"minecraft:green_wool":81,"minecraft:oak_button":1,"pokelucky:poke_lucky":93,"minecraft:bedrock":3,"minecraft:golden_apple":7,"minecraft:white_wool":105,"minecraft:dark_oak_trapdoor":14,"minecraft:diamond_sword":7,"minecraft:enchanted_golden_apple":1,"minecraft:milk_bucket":2,"minecraft:experience_bottle":26},"minecraft:mined":{"minecraft:grass":3,"pokelucky:ultrabeasts_lucky":6,"minecraft:dead_bush":1,"pokelucky:legendaries_lucky":53},"minecraft:killed":{"pokelucky:musashi":1,"pokelucky:moster":1},"minecraft:dropped":{"pixelmon:plasma_helm":1,"pixelmon:thunder_stone":51,"minecraft:birch_fence":64,"minecraft:porkchop":1,"minecraft:milk_bucket":63,"minecraft:chicken":4,"pixelmon:pokemon_editor":1,"minecraft:apple":27,"pixelmon:moon_stone":16,"pixelmon:sun_stone":5,"pokelucky:poke_lucky":30,"minecraft:bedrock":2,"pixelmon:stardust":2,"minecraft:black_wool":1},"minecraft:custom":{"minecraft:time_since_rest":27234,"minecraft:damage_absorbed":149,"minecraft:sprint_one_cm":111531,"minecraft:damage_taken":1020,"minecraft:walk_one_cm":366568,"minecraft:mob_kills":5,"minecraft:drop":25,"minecraft:damage_dealt":862,"minecraft:fly_one_cm":321812,"minecraft:player_kills":11,"minecraft:open_chest":21,"minecraft:play_one_minute":166568,"minecraft:crouch_one_cm":20135,"minecraft:deaths":51,"minecraft:sneak_time":6271,"minecraft:jump":1057,"minecraft:leave_game":2,"minecraft:time_since_death":27212,"minecraft:damage_resisted":32,"minecraft:fall_one_cm":22378,"minecraft:inspect_dispenser":3,"minecraft:horse_one_cm":111811},"minecraft:killed_by":{"minecraft:player":7,"pokelucky:moster":1},"minecraft:picked_up":{"minecraft:milk_bucket":17,"minecraft:chicken":2,"pixelmon:moon_stone_boots":1,"minecraft:cooked_porkchop":63,"minecraft:diamond_sword":1,"pixelmon:poke_ball":496,"minecraft:porkchop":1,"pixelmon:plasma_helm":1,"pixelmon:rare_candy":54,"pokelucky:poke_lucky":277,"minecraft:birch_fence":64,"minecraft:green_wool":1,"pixelmon:stardust":2,"pixelmon:moon_stone_legs":1,"minecraft:emerald":18,"minecraft:white_wool":1}},"DataVersion":2586}