{"stats":{"minecraft:used":{"pokelucky:ultrabeasts_lucky":1,"minecraft:white_wool":35,"minecraft:bedrock":292,"minecraft:torch":3,"pokelucky:poke_lucky":49,"pixelmon:white_pc":3,"minecraft:black_wool":101,"minecraft:red_wool":101,"minecraft:cooked_porkchop":6},"minecraft:mined":{"pokelucky:legendaries_lucky":1,"pokelucky:ultrabeasts_lucky":1},"minecraft:killed":{"pokelucky:moster":1},"minecraft:custom":{"minecraft:time_since_rest":547,"minecraft:play_one_minute":48130,"minecraft:crouch_one_cm":165,"minecraft:walk_one_cm":88626,"minecraft:sprint_one_cm":22256,"minecraft:damage_taken":917,"minecraft:deaths":13,"minecraft:sneak_time":103,"minecraft:mob_kills":1,"minecraft:drop":3,"minecraft:jump":389,"minecraft:damage_dealt":52,"minecraft:time_since_death":524,"minecraft:fall_one_cm":13440,"minecraft:fly_one_cm":174536,"minecraft:open_chest":6},"minecraft:dropped":{"pixelmon:pokemon_editor":1,"minecraft:chicken":2},"minecraft:picked_up":{"pokelucky:poke_lucky":1,"pixelmon:poke_ball":61,"minecraft:bedrock":1,"minecraft:chicken":2,"pixelmon:pokemon_editor":1}},"DataVersion":2586}