{"stats":{"minecraft:used":{"pokelucky:poke_lucky":25,"minecraft:bedrock":148,"minecraft:torch":3,"pixelmon:white_pc":1,"minecraft:black_wool":93,"pokelucky:ultrabeasts_lucky":1},"minecraft:dropped":{"pixelmon:pokemon_editor":1},"minecraft:custom":{"minecraft:jump":90,"minecraft:time_since_rest":4120,"minecraft:crouch_one_cm":13,"minecraft:play_one_minute":24130,"minecraft:deaths":2,"minecraft:sprint_one_cm":1354,"minecraft:damage_taken":160,"minecraft:time_since_death":4094,"minecraft:walk_one_cm":13760,"minecraft:sneak_time":34,"minecraft:drop":1,"minecraft:fall_one_cm":2504,"minecraft:fly_one_cm":114256},"minecraft:picked_up":{"minecraft:bedrock":1,"pokelucky:poke_lucky":1,"pixelmon:pokemon_editor":1}},"DataVersion":2586}