{"stats":{"minecraft:used":{"pokelucky:ultrabeasts_lucky":1,"minecraft:white_wool":35,"minecraft:bedrock":292,"minecraft:torch":3,"pokelucky:poke_lucky":45,"pixelmon:white_pc":3,"minecraft:black_wool":101,"minecraft:red_wool":101,"minecraft:cooked_porkchop":1},"minecraft:custom":{"minecraft:time_since_rest":9036,"minecraft:play_one_minute":36130,"minecraft:crouch_one_cm":165,"minecraft:walk_one_cm":55830,"minecraft:sprint_one_cm":7070,"minecraft:damage_taken":193,"minecraft:deaths":3,"minecraft:sneak_time":103,"minecraft:drop":1,"minecraft:jump":232,"minecraft:damage_dealt":17,"minecraft:time_since_death":8993,"minecraft:fall_one_cm":4278,"minecraft:fly_one_cm":163332,"minecraft:open_chest":4},"minecraft:dropped":{"pixelmon:pokemon_editor":1},"minecraft:picked_up":{"pokelucky:poke_lucky":1,"minecraft:bedrock":1,"pixelmon:pokemon_editor":1}},"DataVersion":2586}