{"stats":{"minecraft:used":{"pokelucky:ultrabeasts_lucky":8,"minecraft:black_wool":101,"minecraft:red_wool":101,"minecraft:diamond_sword":2,"minecraft:cookie":7,"minecraft:bedrock":292,"minecraft:white_wool":35,"pokelucky:poke_lucky":67,"minecraft:torch":3,"pixelmon:white_pc":3,"minecraft:cooked_porkchop":13},"minecraft:mined":{"pokelucky:ultrabeasts_lucky":11,"pokelucky:legendaries_lucky":39},"minecraft:killed":{"pokelucky:moster":3},"minecraft:dropped":{"minecraft:cobweb":2,"pixelmon:steel_gem":2,"pixelmon:iron_base":1,"pixelmon:thunder_stone":51,"pixelmon:poke_ball_lid":1,"pixelmon:platinum_ingot":9,"minecraft:milk_bucket":59,"minecraft:rabbit":1,"minecraft:chicken":4,"minecraft:spider_eye":1,"pixelmon:pokemon_editor":1,"pixelmon:sun_stone":5,"pixelmon:poke_ball":2,"minecraft:bone":2},"minecraft:custom":{"minecraft:time_since_rest":1907,"minecraft:sprint_one_cm":111592,"minecraft:damage_taken":2454,"minecraft:walk_one_cm":253561,"minecraft:mob_kills":3,"minecraft:drop":141,"minecraft:damage_dealt":286,"minecraft:fly_one_cm":328897,"minecraft:player_kills":1,"minecraft:open_chest":12,"minecraft:crouch_one_cm":165,"minecraft:play_one_minute":138130,"minecraft:deaths":47,"minecraft:sneak_time":144,"minecraft:jump":1210,"minecraft:time_since_death":1488,"minecraft:fall_one_cm":34693,"minecraft:horse_one_cm":14296},"minecraft:killed_by":{"minecraft:player":8,"pokelucky:moster":1},"minecraft:picked_up":{"pixelmon:steel_gem":1,"minecraft:milk_bucket":62,"pixelmon:thunder_stone":51,"minecraft:chicken":2,"pixelmon:poke_ball":61,"minecraft:bedrock":1,"pixelmon:moon_stone":16,"pixelmon:pokemon_editor":1,"minecraft:bone":1,"pokelucky:poke_lucky":31,"pixelmon:sun_stone":5,"pixelmon:platinum_ingot":7}},"DataVersion":2586}