{"stats":{"minecraft:used":{"pokelucky:ultrabeasts_lucky":1,"minecraft:black_wool":101,"minecraft:red_wool":101,"minecraft:cookie":3,"minecraft:bedrock":292,"minecraft:white_wool":35,"pokelucky:poke_lucky":62,"minecraft:torch":3,"pixelmon:white_pc":3,"minecraft:cooked_porkchop":11},"minecraft:mined":{"pokelucky:ultrabeasts_lucky":6,"pokelucky:legendaries_lucky":4},"minecraft:killed":{"pokelucky:moster":1},"minecraft:dropped":{"minecraft:cobweb":2,"pixelmon:iron_base":1,"pixelmon:thunder_stone":51,"pixelmon:poke_ball_lid":1,"minecraft:milk_bucket":59,"minecraft:rabbit":1,"minecraft:chicken":4,"minecraft:spider_eye":1,"pixelmon:pokemon_editor":1,"pixelmon:sun_stone":5,"pixelmon:poke_ball":2,"minecraft:bone":1},"minecraft:custom":{"minecraft:time_since_rest":245,"minecraft:sprint_one_cm":77677,"minecraft:damage_taken":1870,"minecraft:walk_one_cm":152422,"minecraft:mob_kills":1,"minecraft:drop":129,"minecraft:damage_dealt":105,"minecraft:fly_one_cm":232636,"minecraft:player_kills":1,"minecraft:open_chest":11,"minecraft:crouch_one_cm":165,"minecraft:play_one_minute":72130,"minecraft:deaths":33,"minecraft:sneak_time":103,"minecraft:jump":710,"minecraft:time_since_death":220,"minecraft:fall_one_cm":23915},"minecraft:killed_by":{"minecraft:player":5},"minecraft:picked_up":{"minecraft:milk_bucket":60,"pixelmon:thunder_stone":51,"minecraft:chicken":2,"pixelmon:poke_ball":61,"minecraft:bedrock":1,"pixelmon:moon_stone":16,"pixelmon:pokemon_editor":1,"pokelucky:poke_lucky":31,"pixelmon:sun_stone":5}},"DataVersion":2586}