{"stats":{"minecraft:used":{"pokelucky:ultrabeasts_lucky":1,"minecraft:black_wool":101,"minecraft:red_wool":101,"minecraft:bedrock":292,"minecraft:white_wool":35,"pokelucky:poke_lucky":56,"minecraft:torch":3,"pixelmon:white_pc":3,"minecraft:cooked_porkchop":10},"minecraft:mined":{"pokelucky:ultrabeasts_lucky":3,"pokelucky:legendaries_lucky":1},"minecraft:killed":{"pokelucky:moster":1},"minecraft:dropped":{"minecraft:cobweb":2,"pixelmon:iron_base":1,"pixelmon:thunder_stone":51,"pixelmon:poke_ball_lid":1,"minecraft:milk_bucket":59,"minecraft:rabbit":1,"minecraft:chicken":4,"minecraft:spider_eye":1,"pixelmon:pokemon_editor":1,"pixelmon:sun_stone":5,"pixelmon:poke_ball":2},"minecraft:custom":{"minecraft:time_since_rest":438,"minecraft:sprint_one_cm":42458,"minecraft:damage_taken":1706,"minecraft:walk_one_cm":123488,"minecraft:mob_kills":1,"minecraft:drop":128,"minecraft:damage_dealt":85,"minecraft:fly_one_cm":187497,"minecraft:open_chest":10,"minecraft:crouch_one_cm":165,"minecraft:play_one_minute":60130,"minecraft:deaths":21,"minecraft:sneak_time":103,"minecraft:jump":532,"minecraft:time_since_death":412,"minecraft:fall_one_cm":20231},"minecraft:killed_by":{"minecraft:player":3},"minecraft:picked_up":{"minecraft:milk_bucket":60,"pixelmon:thunder_stone":51,"minecraft:chicken":2,"pixelmon:poke_ball":61,"minecraft:bedrock":1,"pixelmon:moon_stone":16,"pixelmon:pokemon_editor":1,"pokelucky:poke_lucky":1,"pixelmon:sun_stone":5}},"DataVersion":2586}