{"stats":{"minecraft:used":{"pokelucky:ultrabeasts_lucky":8,"minecraft:black_wool":101,"minecraft:red_wool":101,"minecraft:cookie":5,"minecraft:bedrock":292,"minecraft:white_wool":35,"pokelucky:poke_lucky":67,"minecraft:torch":3,"pixelmon:white_pc":3,"minecraft:cooked_porkchop":12},"minecraft:mined":{"pokelucky:ultrabeasts_lucky":11,"pokelucky:legendaries_lucky":25},"minecraft:killed":{"pokelucky:moster":3},"minecraft:dropped":{"minecraft:cobweb":2,"pixelmon:steel_gem":1,"pixelmon:iron_base":1,"pixelmon:thunder_stone":51,"pixelmon:poke_ball_lid":1,"pixelmon:platinum_ingot":2,"minecraft:milk_bucket":59,"minecraft:rabbit":1,"minecraft:chicken":4,"minecraft:spider_eye":1,"pixelmon:pokemon_editor":1,"pixelmon:sun_stone":5,"pixelmon:poke_ball":2,"minecraft:bone":2},"minecraft:custom":{"minecraft:time_since_rest":6779,"minecraft:sprint_one_cm":108603,"minecraft:damage_taken":2310,"minecraft:walk_one_cm":236595,"minecraft:mob_kills":3,"minecraft:drop":133,"minecraft:damage_dealt":187,"minecraft:fly_one_cm":325602,"minecraft:player_kills":1,"minecraft:open_chest":12,"minecraft:crouch_one_cm":165,"minecraft:play_one_minute":126130,"minecraft:deaths":46,"minecraft:sneak_time":144,"minecraft:jump":1159,"minecraft:time_since_death":6726,"minecraft:fall_one_cm":31757,"minecraft:horse_one_cm":14296},"minecraft:killed_by":{"minecraft:player":8,"pokelucky:moster":1},"minecraft:picked_up":{"minecraft:milk_bucket":62,"pixelmon:thunder_stone":51,"minecraft:chicken":2,"pixelmon:poke_ball":61,"minecraft:bedrock":1,"pixelmon:moon_stone":16,"pixelmon:pokemon_editor":1,"minecraft:bone":1,"pokelucky:poke_lucky":31,"pixelmon:sun_stone":5}},"DataVersion":2586}