{"stat.pickup.minecraft.double_plant":1,"stat.walkOneCm":13762,"stat.leaveGame":4,"stat.pickup.minecraft.crafting_table":1,"stat.pickup.minecraft.stone_pickaxe":1,"stat.craftItem.minecraft.crafting_table":1,"stat.pickup.minecraft.stone_axe":2,"stat.mineBlock.minecraft.double_plant":1,"stat.pickup.minecraft.log":5,"stat.jump":93,"stat.fallOneCm":2208,"stat.useItem.minecraft.stone_axe":2,"stat.pickup.minecraft.porkchop":2,"stat.crouchOneCm":3384,"stat.pickup.minecraft.dirt":12,"stat.sprintOneCm":4167,"stat.useItem.minecraft.stone_slab2":2,"stat.craftItem.minecraft.stick":8,"stat.craftingTableInteraction":3,"stat.craftItem.minecraft.furnace":2,"stat.craftItem.minecraft.planks":20,"stat.craftItem.minecraft.stone_axe":1,"stat.pickup.minecraft.wooden_pickaxe":1,"stat.mineBlock.minecraft.crafting_table":1,"stat.damageTaken":262,"stat.craftItem.minecraft.stone_pickaxe":1,"stat.useItem.minecraft.wooden_pickaxe":10,"stat.useItem.minecraft.furnace":1,"stat.pickup.minecraft.cobblestone":48,"stat.mobKills":1,"stat.mineBlock.minecraft.log":5,"stat.flyOneCm":648,"stat.deaths":1,"stat.drop":1,"stat.mineBlock.minecraft.leaves":4,"stat.playOneMinute":10664,"stat.useItem.minecraft.stone_pickaxe":39,"stat.sneakTime":1922,"stat.pickup.quark.tallow":3,"stat.damageDealt":56,"stat.drop.minecraft.stone_axe":1,"stat.timeSinceDeath":3503,"stat.mineBlock.minecraft.dirt":9,"stat.craftItem.minecraft.wooden_pickaxe":1,"stat.mineBlock.minecraft.stone":48,"stat.killEntity.Pig":1}