{"stat.leaveGame":6,"stat.pickup.minecraft.stone_pickaxe":5,"stat.pickup.minecraft.stone_axe":6,"stat.entityKilledBy.techguns.ZombieMiner":2,"stat.jump":334,"stat.swimOneCm":2017,"stat.pickup.minecraft.coal":29,"stat.fallOneCm":5109,"stat.useItem.minecraft.stone_axe":32,"stat.pickup.minecraft.porkchop":25,"stat.pickup.minecraft.gunpowder":14,"stat.crouchOneCm":3490,"stat.pickup.minecraft.dirt":50,"stat.useItem.minecraft.dirt":18,"stat.useItem.minecraft.stone_slab2":6,"stat.craftingTableInteraction":5,"stat.pickup.minecraft.rotten_flesh":5,"stat.craftItem.minecraft.furnace":3,"stat.drop.quark.tallow":2,"stat.craftItem.minecraft.stone_axe":1,"stat.pickup.minecraft.wooden_pickaxe":4,"stat.damageTaken":1387,"stat.pickup.minecraft.leather":4,"stat.craftItem.minecraft.stone_pickaxe":1,"stat.useItem.minecraft.wooden_pickaxe":10,"stat.useItem.minecraft.furnace":1,"stat.pickup.minecraft.cobblestone":99,"stat.pickup.minecraft.planks":16,"stat.craftItem.minecraft.stone_sword":1,"stat.flyOneCm":9141,"stat.pickup.minecraft.wheat_seeds":4,"stat.entityKilledBy.Zombie":1,"stat.useItem.minecraft.stone_pickaxe":94,"stat.useItem.minecraft.stone_sword":41,"stat.killEntity.techguns.ZombieFarmer":1,"stat.pickup.quark.tallow":33,"stat.damageDealt":635,"stat.pickup.minecraft.redstone":6,"stat.timeSinceDeath":0,"stat.mineBlock.minecraft.dirt":9,"stat.craftItem.minecraft.wooden_pickaxe":1,"stat.killEntity.Pig":1,"stat.pickup.minecraft.double_plant":1,"stat.walkOneCm":82492,"stat.pickup.minecraft.stick":2,"stat.pickup.minecraft.crafting_table":1,"stat.useItem.minecraft.cobblestone":2,"stat.craftItem.minecraft.crafting_table":2,"stat.mineBlock.minecraft.double_plant":1,"stat.mineBlock.minecraft.coal_ore":24,"stat.pickup.realistictorches.torch_unlit":1,"stat.pickup.minecraft.log":24,"stat.useItem.realistictorches.torch_unlit":1,"stat.craftItem.realistictorches.torch_unlit":4,"stat.mineBlock.realistictorches.torch_unlit":1,"stat.sprintOneCm":25206,"stat.pickup.minecraft.apple":4,"stat.craftItem.minecraft.stick":16,"stat.craftItem.minecraft.planks":96,"stat.mineBlock.minecraft.crafting_table":1,"stat.pickup.minecraft.stone_sword":2,"stat.pickup.minecraft.bread":4,"stat.mobKills":4,"stat.mineBlock.minecraft.log":24,"stat.entityKilledBy.Creeper":1,"stat.deaths":6,"stat.drop":4,"stat.mineBlock.minecraft.leaves":12,"stat.playOneMinute":25595,"stat.sneakTime":2014,"stat.drop.minecraft.stone_axe":2,"stat.mineBlock.minecraft.stone":79,"stat.mineBlock.minecraft.tallgrass":9,"stat.diveOneCm":973,"stat.pickup.minecraft.wheat":4}