{"stat.leaveGame":5,"stat.pickup.minecraft.stone_pickaxe":5,"stat.pickup.minecraft.stone_axe":6,"stat.entityKilledBy.techguns.ZombieMiner":1,"stat.jump":225,"stat.swimOneCm":1618,"stat.pickup.minecraft.coal":29,"stat.fallOneCm":4213,"stat.useItem.minecraft.stone_axe":5,"stat.pickup.minecraft.porkchop":22,"stat.pickup.minecraft.gunpowder":14,"stat.crouchOneCm":3489,"stat.pickup.minecraft.dirt":48,"stat.useItem.minecraft.dirt":18,"stat.useItem.minecraft.stone_slab2":4,"stat.craftingTableInteraction":3,"stat.pickup.minecraft.rotten_flesh":4,"stat.craftItem.minecraft.furnace":2,"stat.drop.quark.tallow":2,"stat.craftItem.minecraft.stone_axe":1,"stat.pickup.minecraft.wooden_pickaxe":4,"stat.damageTaken":757,"stat.pickup.minecraft.leather":4,"stat.craftItem.minecraft.stone_pickaxe":1,"stat.useItem.minecraft.wooden_pickaxe":10,"stat.useItem.minecraft.furnace":1,"stat.pickup.minecraft.cobblestone":69,"stat.pickup.minecraft.planks":16,"stat.flyOneCm":7216,"stat.pickup.minecraft.wheat_seeds":4,"stat.entityKilledBy.Zombie":1,"stat.useItem.minecraft.stone_pickaxe":64,"stat.useItem.minecraft.stone_sword":13,"stat.pickup.quark.tallow":31,"stat.damageDealt":279,"stat.pickup.minecraft.redstone":6,"stat.timeSinceDeath":3878,"stat.mineBlock.minecraft.dirt":9,"stat.craftItem.minecraft.wooden_pickaxe":1,"stat.killEntity.Pig":1,"stat.pickup.minecraft.double_plant":1,"stat.walkOneCm":55221,"stat.pickup.minecraft.stick":2,"stat.pickup.minecraft.crafting_table":1,"stat.craftItem.minecraft.crafting_table":1,"stat.mineBlock.minecraft.double_plant":1,"stat.mineBlock.minecraft.coal_ore":24,"stat.pickup.minecraft.log":5,"stat.useItem.realistictorches.torch_unlit":1,"stat.craftItem.realistictorches.torch_unlit":4,"stat.sprintOneCm":19295,"stat.pickup.minecraft.apple":4,"stat.craftItem.minecraft.stick":8,"stat.craftItem.minecraft.planks":20,"stat.mineBlock.minecraft.crafting_table":1,"stat.pickup.minecraft.stone_sword":2,"stat.pickup.minecraft.bread":4,"stat.mobKills":3,"stat.mineBlock.minecraft.log":5,"stat.deaths":4,"stat.drop":4,"stat.mineBlock.minecraft.leaves":4,"stat.playOneMinute":19454,"stat.sneakTime":1989,"stat.drop.minecraft.stone_axe":2,"stat.mineBlock.minecraft.stone":49,"stat.mineBlock.minecraft.tallgrass":9,"stat.diveOneCm":973,"stat.pickup.minecraft.wheat":4}