{
  "pixelmon:recipes/machines/computer/brown_pc": {
    "criteria": {
      "has_pc": "2024-07-29 00:57:29 +0000"
    },
    "done": true
  },
  "pixelmon:recipes/decor/folding_chair/light_gray_folding_chair": {
    "criteria": {
      "has_wool": "2024-07-29 00:35:37 +0000"
    },
    "done": true
  },
  "minecraft:recipes/building_blocks/purple_wool": {
    "criteria": {
      "has_white_wool": "2024-07-29 00:35:33 +0000"
    },
    "done": true
  },
  "pixelmon:recipes/machines/computer/black_pc": {
    "criteria": {
      "has_pc": "2024-07-29 00:57:29 +0000"
    },
    "done": true
  },
  "pixelmon:recipes/decor/umbrella/lime_umbrella": {
    "criteria": {
      "has_wool": "2024-07-29 00:35:33 +0000"
    },
    "done": true
  },
  "pixelmon:recipes/machines/trade_machine/trade_holder_left": {
    "criteria": {
      "has_poke_ball": "2024-07-29 00:42:52 +0000"
    },
    "done": true
  },
  "minecraft:recipes/building_blocks/lime_wool": {
    "criteria": {
      "has_white_wool": "2024-07-29 00:35:33 +0000"
    },
    "done": true
  },
  "pixelmon:recipes/decor/chair/green_chair": {
    "criteria": {
      "has_wool": "2024-07-29 00:41:07 +0000"
    },
    "done": true
  },
  "minecraft:recipes/decorations/green_bed": {
    "criteria": {
      "has_green_wool": "2024-07-29 00:41:07 +0000"
    },
    "done": true
  },
  "pixelmon:recipes/decor/chair/white_chair": {
    "criteria": {
      "has_wool": "2024-07-29 00:35:33 +0000"
    },
    "done": true
  },
  "pixelmon:recipes/decor/rug/gray_rug": {
    "criteria": {
      "has_wool": "2024-07-29 00:35:33 +0000"
    },
    "done": true
  },
  "pixelmon:recipes/pokeball/base/platinum_base": {
    "criteria": {
      "has_ingot": "2024-07-29 00:24:41 +0000"
    },
    "done": true
  },
  "pixelmon:recipes/decor/folding_chair/black_folding_chair_dyed": {
    "criteria": {
      "has_the_recipe": "2024-07-29 00:35:34 +0000"
    },
    "done": true
  },
  "minecraft:recipes/building_blocks/black_wool": {
    "criteria": {
      "has_white_wool": "2024-07-29 00:35:33 +0000"
    },
    "done": true
  },
  "pixelmon:recipes/decor/cushion_chair/red_cushion_chair": {
    "criteria": {
      "has_wool": "2024-07-29 00:35:33 +0000"
    },
    "done": true
  },
  "pixelmon:recipes/decor/folding_chair/green_folding_chair_dyed": {
    "criteria": {
      "has_the_recipe": "2024-07-29 00:41:07 +0000"
    },
    "done": true
  },
  "pixelmon:recipes/decor/rug/magenta_rug": {
    "criteria": {
      "has_wool": "2024-07-29 00:35:33 +0000"
    },
    "done": true
  },
  "pixelmon:recipes/decor/umbrella/brown_umbrella_dyed": {
    "criteria": {
      "has_the_recipe": "2024-07-29 00:35:33 +0000"
    },
    "done": true
  },
  "minecraft:recipes/decorations/white_bed": {
    "criteria": {
      "has_white_wool": "2024-07-29 00:35:33 +0000"
    },
    "done": true
  },
  "minecraft:recipes/building_blocks/green_wool": {
    "criteria": {
      "has_white_wool": "2024-07-29 00:35:33 +0000"
    },
    "done": true
  },
  "pixelmon:recipes/decor/umbrella/blue_umbrella": {
    "criteria": {
      "has_wool": "2024-07-29 00:35:33 +0000"
    },
    "done": true
  },
  "minecraft:recipes/building_blocks/brown_wool": {
    "criteria": {
      "has_white_wool": "2024-07-29 00:35:33 +0000"
    },
    "done": true
  },
  "pixelmon:recipes/decor/rug/red_rug": {
    "criteria": {
      "has_wool": "2024-07-29 00:35:33 +0000"
    },
    "done": true
  },
  "pixelmon:recipes/decor/umbrella/cyan_umbrella_dyed": {
    "criteria": {
      "has_the_recipe": "2024-07-29 00:35:33 +0000"
    },
    "done": true
  },
  "pixelmon:recipes/decor/cushion_chair/lime_cushion_chair": {
    "criteria": {
      "has_wool": "2024-07-29 00:35:33 +0000"
    },
    "done": true
  },
  "pixelmon:recipes/machines/computer/white_pc": {
    "criteria": {
      "has_pc": "2024-07-29 00:57:29 +0000"
    },
    "done": true
  },
  "pixelmon:recipes/decor/umbrella/magenta_umbrella_dyed": {
    "criteria": {
      "has_the_recipe": "2024-07-29 00:35:33 +0000"
    },
    "done": true
  },
  "minecraft:recipes/building_blocks/magenta_wool": {
    "criteria": {
      "has_white_wool": "2024-07-29 00:35:33 +0000"
    },
    "done": true
  },
  "pixelmon:recipes/decor/armchair/light_gray_armchair": {
    "criteria": {
      "has_wool": "2024-07-29 00:35:37 +0000"
    },
    "done": true
  },
  "pixelmon:recipes/decor/umbrella/yellow_umbrella_dyed": {
    "criteria": {
      "has_the_recipe": "2024-07-29 00:35:33 +0000"
    },
    "done": true
  },
  "pixelmon:recipes/decor/cushion_chair/light_blue_cushion_chair": {
    "criteria": {
      "has_wool": "2024-07-29 00:35:33 +0000"
    },
    "done": true
  },
  "pixelmon:recipes/decor/umbrella/purple_umbrella": {
    "criteria": {
      "has_wool": "2024-07-29 00:35:33 +0000"
    },
    "done": true
  },
  "minecraft:recipes/decorations/chest": {
    "criteria": {
      "has_lots_of_items": "2024-07-29 00:54:39 +0000"
    },
    "done": true
  },
  "pixelmon:recipes/decor/cushion_chair/brown_cushion_chair": {
    "criteria": {
      "has_wool": "2024-07-29 00:35:33 +0000"
    },
    "done": true
  },
  "pixelmon:recipes/decor/umbrella/white_umbrella": {
    "criteria": {
      "has_wool": "2024-07-29 00:35:33 +0000"
    },
    "done": true
  },
  "pixelmon:recipes/decor/umbrella/light_gray_umbrella": {
    "criteria": {
      "has_wool": "2024-07-29 00:35:33 +0000"
    },
    "done": true
  },
  "minecraft:recipes/decorations/light_gray_bed": {
    "criteria": {
      "has_light_gray_wool": "2024-07-29 00:35:37 +0000"
    },
    "done": true
  },
  "minecraft:recipes/decorations/painting": {
    "criteria": {
      "has_wool": "2024-07-29 00:35:33 +0000"
    },
    "done": true
  },
  "pixelmon:recipes/decor/umbrella/cyan_umbrella": {
    "criteria": {
      "has_wool": "2024-07-29 00:35:33 +0000"
    },
    "done": true
  },
  "minecraft:recipes/building_blocks/cyan_wool": {
    "criteria": {
      "has_white_wool": "2024-07-29 00:35:33 +0000"
    },
    "done": true
  },
  "pixelmon:recipes/decor/armchair/green_armchair": {
    "criteria": {
      "has_wool": "2024-07-29 00:41:07 +0000"
    },
    "done": true
  },
  "pixelmon:recipes/decor/umbrella/light_blue_umbrella_dyed": {
    "criteria": {
      "has_the_recipe": "2024-07-29 00:35:33 +0000"
    },
    "done": true
  },
  "minecraft:recipes/decorations/black_carpet": {
    "criteria": {
      "has_black_wool": "2024-07-29 00:35:34 +0000"
    },
    "done": true
  },
  "pixelmon:recipes/decor/armchair/red_armchair": {
    "criteria": {
      "has_wool": "2024-07-29 00:35:35 +0000"
    },
    "done": true
  },
  "pixelmon:recipes/decor/couch/red_couch": {
    "criteria": {
      "has_wool": "2024-07-29 00:35:35 +0000"
    },
    "done": true
  },
  "pixelmon:recipes/decor/umbrella/red_umbrella_dyed": {
    "criteria": {
      "has_the_recipe": "2024-07-29 00:35:33 +0000"
    },
    "done": true
  },
  "pixelmon:recipes/decor/umbrella/green_umbrella": {
    "criteria": {
      "has_wool": "2024-07-29 00:35:33 +0000"
    },
    "done": true
  },
  "pixelmon:recipes/decor/couch/black_couch": {
    "criteria": {
      "has_wool": "2024-07-29 00:35:34 +0000"
    },
    "done": true
  },
  "pixelmon:recipes/decor/cushion_chair/pink_cushion_chair": {
    "criteria": {
      "has_wool": "2024-07-29 00:35:33 +0000"
    },
    "done": true
  },
  "minecraft:recipes/building_blocks/light_blue_wool": {
    "criteria": {
      "has_white_wool": "2024-07-29 00:35:33 +0000"
    },
    "done": true
  },
  "pixelmon:recipes/decor/umbrella/white_umbrella_dyed": {
    "criteria": {
      "has_the_recipe": "2024-07-29 00:35:33 +0000"
    },
    "done": true
  },
  "minecraft:recipes/decorations/light_gray_banner": {
    "criteria": {
      "has_light_gray_wool": "2024-07-29 00:35:37 +0000"
    },
    "done": true
  },
  "pixelmon:recipes/decor/rug/brown_rug": {
    "criteria": {
      "has_wool": "2024-07-29 00:35:33 +0000"
    },
    "done": true
  },
  "minecraft:recipes/building_blocks/gray_wool": {
    "criteria": {
      "has_white_wool": "2024-07-29 00:35:33 +0000"
    },
    "done": true
  },
  "pixelmon:recipes/machines/computer/pink_pc": {
    "criteria": {
      "has_pc": "2024-07-29 00:57:29 +0000"
    },
    "done": true
  },
  "pixelmon:recipes/machines/computer/green_pc": {
    "criteria": {
      "has_pc": "2024-07-29 00:57:29 +0000"
    },
    "done": true
  },
  "pixelmon:recipes/decor/household_items/mug_ball": {
    "criteria": {
      "has_poke_ball": "2024-07-29 00:42:52 +0000"
    },
    "done": true
  },
  "pixelmon:recipes/decor/umbrella/orange_umbrella_dyed": {
    "criteria": {
      "has_the_recipe": "2024-07-29 00:35:33 +0000"
    },
    "done": true
  },
  "minecraft:recipes/decorations/black_banner": {
    "criteria": {
      "has_black_wool": "2024-07-29 00:35:34 +0000"
    },
    "done": true
  },
  "pixelmon:recipes/decor/chair/black_chair": {
    "criteria": {
      "has_wool": "2024-07-29 00:35:34 +0000"
    },
    "done": true
  },
  "minecraft:recipes/decorations/red_banner": {
    "criteria": {
      "has_red_wool": "2024-07-29 00:35:35 +0000"
    },
    "done": true
  },
  "pixelmon:pokedex/pokedex_trigger": {
    "criteria": {
      "pokedex_base": "2024-07-29 00:24:15 +0000"
    },
    "done": true
  },
  "pixelmon:recipes/decor/cushion_chair/white_cushion_chair": {
    "criteria": {
      "has_wool": "2024-07-29 00:35:33 +0000"
    },
    "done": true
  },
  "pixelmon:recipes/decor/cushion_chair/orange_cushion_chair": {
    "criteria": {
      "has_wool": "2024-07-29 00:35:33 +0000"
    },
    "done": true
  },
  "pixelmon:recipes/decor/rug/pink_rug": {
    "criteria": {
      "has_wool": "2024-07-29 00:35:33 +0000"
    },
    "done": true
  },
  "pixelmon:recipes/decor/umbrella/red_umbrella": {
    "criteria": {
      "has_wool": "2024-07-29 00:35:33 +0000"
    },
    "done": true
  },
  "pixelmon:recipes/decor/umbrella/black_umbrella_dyed": {
    "criteria": {
      "has_the_recipe": "2024-07-29 00:35:33 +0000"
    },
    "done": true
  },
  "pixelmon:recipes/decor/folding_chair/red_folding_chair": {
    "criteria": {
      "has_wool": "2024-07-29 00:35:35 +0000"
    },
    "done": true
  },
  "pixelmon:recipes/decor/folding_chair/white_folding_chair_dyed": {
    "criteria": {
      "has_the_recipe": "2024-07-29 00:35:33 +0000"
    },
    "done": true
  },
  "pixelmon:recipes/decor/umbrella/magenta_umbrella": {
    "criteria": {
      "has_wool": "2024-07-29 00:35:33 +0000"
    },
    "done": true
  },
  "pixelmon:recipes/decor/rug/black_rug": {
    "criteria": {
      "has_wool": "2024-07-29 00:35:33 +0000"
    },
    "done": true
  },
  "pixelmon:recipes/decor/umbrella/blue_umbrella_dyed": {
    "criteria": {
      "has_the_recipe": "2024-07-29 00:35:33 +0000"
    },
    "done": true
  },
  "pixelmon:recipes/decor/rug/yellow_rug": {
    "criteria": {
      "has_wool": "2024-07-29 00:35:33 +0000"
    },
    "done": true
  },
  "pixelmon:recipes/decor/umbrella/gray_umbrella_dyed": {
    "criteria": {
      "has_the_recipe": "2024-07-29 00:35:33 +0000"
    },
    "done": true
  },
  "pixelmon:recipes/decor/cushion_chair/light_gray_cushion_chair": {
    "criteria": {
      "has_wool": "2024-07-29 00:35:33 +0000"
    },
    "done": true
  },
  "minecraft:recipes/decorations/white_banner": {
    "criteria": {
      "has_white_wool": "2024-07-29 00:35:33 +0000"
    },
    "done": true
  },
  "pixelmon:recipes/machines/computer/cyan_pc": {
    "criteria": {
      "has_pc": "2024-07-29 00:57:29 +0000"
    },
    "done": true
  },
  "pixelmon:recipes/decor/couch/green_couch": {
    "criteria": {
      "has_wool": "2024-07-29 00:41:07 +0000"
    },
    "done": true
  },
  "pixelmon:recipes/machines/trade_machine/trade_panel": {
    "criteria": {
      "has_poke_ball": "2024-07-29 00:42:52 +0000"
    },
    "done": true
  },
  "minecraft:recipes/building_blocks/yellow_wool": {
    "criteria": {
      "has_white_wool": "2024-07-29 00:35:33 +0000"
    },
    "done": true
  },
  "pixelmon:recipes/decor/rug/blue_rug": {
    "criteria": {
      "has_wool": "2024-07-29 00:35:33 +0000"
    },
    "done": true
  },
  "pixelmon:recipes/decor/armchair/black_armchair": {
    "criteria": {
      "has_wool": "2024-07-29 00:35:34 +0000"
    },
    "done": true
  },
  "pixelmon:recipes/decor/couch/white_couch": {
    "criteria": {
      "has_wool": "2024-07-29 00:35:33 +0000"
    },
    "done": true
  },
  "pixelmon:recipes/machines/trade_machine/trade_holder_right": {
    "criteria": {
      "has_poke_ball": "2024-07-29 00:42:52 +0000"
    },
    "done": true
  },
  "pixelmon:recipes/pokeball/base/aluminum_base": {
    "criteria": {
      "has_ingot": "2024-07-29 00:24:41 +0000"
    },
    "done": true
  },
  "pixelmon:recipes/decor/couch/light_gray_couch": {
    "criteria": {
      "has_wool": "2024-07-29 00:35:37 +0000"
    },
    "done": true
  },
  "pixelmon:recipes/machines/computer/blue_pc": {
    "criteria": {
      "has_pc": "2024-07-29 00:57:29 +0000"
    },
    "done": true
  },
  "pixelmon:recipes/decor/umbrella/lime_umbrella_dyed": {
    "criteria": {
      "has_the_recipe": "2024-07-29 00:35:33 +0000"
    },
    "done": true
  },
  "pixelmon:recipes/decor/cushion_chair/green_cushion_chair": {
    "criteria": {
      "has_wool": "2024-07-29 00:35:33 +0000"
    },
    "done": true
  },
  "pixelmon:recipes/machines/computer/light_blue_pc": {
    "criteria": {
      "has_pc": "2024-07-29 00:57:29 +0000"
    },
    "done": true
  },
  "pixelmon:recipes/decor/umbrella/light_gray_umbrella_dyed": {
    "criteria": {
      "has_the_recipe": "2024-07-29 00:35:33 +0000"
    },
    "done": true
  },
  "pixelmon:recipes/decor/cushion_chair/cyan_cushion_chair": {
    "criteria": {
      "has_wool": "2024-07-29 00:35:33 +0000"
    },
    "done": true
  },
  "pixelmon:recipes/decor/umbrella/gray_umbrella": {
    "criteria": {
      "has_wool": "2024-07-29 00:35:33 +0000"
    },
    "done": true
  },
  "pixelmon:recipes/pokeball/base/iron_base": {
    "criteria": {
      "has_ingot": "2024-07-29 00:24:41 +0000"
    },
    "done": true
  },
  "minecraft:recipes/building_blocks/blue_wool": {
    "criteria": {
      "has_white_wool": "2024-07-29 00:35:33 +0000"
    },
    "done": true
  },
  "pixelmon:recipes/decor/umbrella/yellow_umbrella": {
    "criteria": {
      "has_wool": "2024-07-29 00:35:33 +0000"
    },
    "done": true
  },
  "pixelmon:recipes/decor/armchair/white_armchair": {
    "criteria": {
      "has_wool": "2024-07-29 00:35:33 +0000"
    },
    "done": true
  },
  "pixelmon:recipes/pokeball/base/wooden_base": {
    "criteria": {
      "has_slab": "2024-07-29 00:24:41 +0000"
    },
    "done": true
  },
  "pixelmon:recipes/decor/folding_chair/red_folding_chair_dyed": {
    "criteria": {
      "has_the_recipe": "2024-07-29 00:35:35 +0000"
    },
    "done": true
  },
  "pixelmon:recipes/decor/rug/light_blue_rug": {
    "criteria": {
      "has_wool": "2024-07-29 00:35:33 +0000"
    },
    "done": true
  },
  "minecraft:recipes/decorations/green_carpet": {
    "criteria": {
      "has_green_wool": "2024-07-29 00:41:07 +0000"
    },
    "done": true
  },
  "pixelmon:recipes/decor/rug/orange_rug": {
    "criteria": {
      "has_wool": "2024-07-29 00:35:33 +0000"
    },
    "done": true
  },
  "pixelmon:recipes/decor/umbrella/green_umbrella_dyed": {
    "criteria": {
      "has_the_recipe": "2024-07-29 00:35:33 +0000"
    },
    "done": true
  },
  "minecraft:adventure/adventuring_time": {
    "criteria": {
      "minecraft:forest": "2024-07-29 00:26:20 +0000",
      "minecraft:desert_hills": "2024-07-29 00:24:34 +0000",
      "minecraft:desert": "2024-07-29 00:24:55 +0000",
      "minecraft:plains": "2024-07-29 00:24:00 +0000"
    },
    "done": false
  },
  "pixelmon:recipes/machines/trade_machine/trade_monitor": {
    "criteria": {
      "has_poke_ball": "2024-07-29 00:42:52 +0000"
    },
    "done": true
  },
  "pixelmon:recipes/decor/rug/green_rug": {
    "criteria": {
      "has_wool": "2024-07-29 00:35:33 +0000"
    },
    "done": true
  },
  "pixelmon:recipes/machines/computer/purple_pc": {
    "criteria": {
      "has_pc": "2024-07-29 00:57:29 +0000"
    },
    "done": true
  },
  "pixelmon:recipes/decor/cushion_chair/black_cushion_chair": {
    "criteria": {
      "has_wool": "2024-07-29 00:35:33 +0000"
    },
    "done": true
  },
  "minecraft:recipes/building_blocks/orange_wool": {
    "criteria": {
      "has_white_wool": "2024-07-29 00:35:33 +0000"
    },
    "done": true
  },
  "pixelmon:recipes/decor/folding_chair/white_folding_chair": {
    "criteria": {
      "has_wool": "2024-07-29 00:35:33 +0000"
    },
    "done": true
  },
  "pixelmon:recipes/decor/rug/white_rug": {
    "criteria": {
      "has_wool": "2024-07-29 00:35:33 +0000"
    },
    "done": true
  },
  "minecraft:recipes/decorations/light_gray_carpet": {
    "criteria": {
      "has_light_gray_wool": "2024-07-29 00:35:37 +0000"
    },
    "done": true
  },
  "pixelmon:recipes/decor/umbrella/pink_umbrella_dyed": {
    "criteria": {
      "has_the_recipe": "2024-07-29 00:35:33 +0000"
    },
    "done": true
  },
  "minecraft:recipes/decorations/red_carpet": {
    "criteria": {
      "has_red_wool": "2024-07-29 00:35:35 +0000"
    },
    "done": true
  },
  "pixelmon:recipes/decor/rug/purple_rug": {
    "criteria": {
      "has_wool": "2024-07-29 00:35:33 +0000"
    },
    "done": true
  },
  "minecraft:recipes/decorations/red_bed": {
    "criteria": {
      "has_red_wool": "2024-07-29 00:35:35 +0000"
    },
    "done": true
  },
  "pixelmon:recipes/machines/computer/orange_pc": {
    "criteria": {
      "has_pc": "2024-07-29 00:57:29 +0000"
    },
    "done": true
  },
  "pixelmon:recipes/decor/rug/cyan_rug": {
    "criteria": {
      "has_wool": "2024-07-29 00:35:33 +0000"
    },
    "done": true
  },
  "minecraft:recipes/decorations/black_bed": {
    "criteria": {
      "has_black_wool": "2024-07-29 00:35:34 +0000"
    },
    "done": true
  },
  "pixelmon:recipes/decor/cushion_chair/yellow_cushion_chair": {
    "criteria": {
      "has_wool": "2024-07-29 00:35:33 +0000"
    },
    "done": true
  },
  "pixelmon:recipes/machines/computer/red_pc": {
    "criteria": {
      "has_pc": "2024-07-29 00:57:29 +0000"
    },
    "done": true
  },
  "pixelmon:recipes/machines/computer/magenta_pc": {
    "criteria": {
      "has_pc": "2024-07-29 00:57:29 +0000"
    },
    "done": true
  },
  "pixelmon:recipes/decor/folding_chair/black_folding_chair": {
    "criteria": {
      "has_wool": "2024-07-29 00:35:34 +0000"
    },
    "done": true
  },
  "minecraft:recipes/building_blocks/pink_wool": {
    "criteria": {
      "has_white_wool": "2024-07-29 00:35:33 +0000"
    },
    "done": true
  },
  "pixelmon:recipes/pokeball/base/silver_base": {
    "criteria": {
      "has_ingot": "2024-07-29 00:24:41 +0000"
    },
    "done": true
  },
  "pixelmon:recipes/decor/rug/lime_rug": {
    "criteria": {
      "has_wool": "2024-07-29 00:35:33 +0000"
    },
    "done": true
  },
  "pixelmon:recipes/decor/umbrella/purple_umbrella_dyed": {
    "criteria": {
      "has_the_recipe": "2024-07-29 00:35:33 +0000"
    },
    "done": true
  },
  "pixelmon:recipes/decor/umbrella/black_umbrella": {
    "criteria": {
      "has_wool": "2024-07-29 00:35:33 +0000"
    },
    "done": true
  },
  "pixelmon:recipes/decor/cushion_chair/purple_cushion_chair": {
    "criteria": {
      "has_wool": "2024-07-29 00:35:33 +0000"
    },
    "done": true
  },
  "pixelmon:recipes/decor/folding_chair/green_folding_chair": {
    "criteria": {
      "has_wool": "2024-07-29 00:41:07 +0000"
    },
    "done": true
  },
  "pixelmon:recipes/machines/computer/light_gray_pc": {
    "criteria": {
      "has_pc": "2024-07-29 00:57:29 +0000"
    },
    "done": true
  },
  "pixelmon:recipes/decor/rug/light_gray_rug": {
    "criteria": {
      "has_wool": "2024-07-29 00:35:33 +0000"
    },
    "done": true
  },
  "minecraft:recipes/decorations/white_carpet": {
    "criteria": {
      "has_white_wool": "2024-07-29 00:35:33 +0000"
    },
    "done": true
  },
  "pixelmon:recipes/decor/umbrella/light_blue_umbrella": {
    "criteria": {
      "has_wool": "2024-07-29 00:35:33 +0000"
    },
    "done": true
  },
  "pixelmon:recipes/machines/computer/yellow_pc": {
    "criteria": {
      "has_pc": "2024-07-29 00:57:29 +0000"
    },
    "done": true
  },
  "pixelmon:recipes/decor/cushion_chair/gray_cushion_chair": {
    "criteria": {
      "has_wool": "2024-07-29 00:35:33 +0000"
    },
    "done": true
  },
  "pixelmon:recipes/decor/umbrella/brown_umbrella": {
    "criteria": {
      "has_wool": "2024-07-29 00:35:33 +0000"
    },
    "done": true
  },
  "minecraft:recipes/decorations/green_banner": {
    "criteria": {
      "has_green_wool": "2024-07-29 00:41:07 +0000"
    },
    "done": true
  },
  "pixelmon:recipes/machines/computer/gray_pc": {
    "criteria": {
      "has_pc": "2024-07-29 00:57:29 +0000"
    },
    "done": true
  },
  "pixelmon:recipes/decor/cushion_chair/magenta_cushion_chair": {
    "criteria": {
      "has_wool": "2024-07-29 00:35:33 +0000"
    },
    "done": true
  },
  "pixelmon:recipes/machines/computer/pc": {
    "criteria": {
      "has_pc": "2024-07-29 00:57:29 +0000"
    },
    "done": true
  },
  "pixelmon:recipes/decor/umbrella/pink_umbrella": {
    "criteria": {
      "has_wool": "2024-07-29 00:35:33 +0000"
    },
    "done": true
  },
  "minecraft:recipes/building_blocks/light_gray_wool": {
    "criteria": {
      "has_white_wool": "2024-07-29 00:35:33 +0000"
    },
    "done": true
  },
  "minecraft:recipes/building_blocks/red_wool": {
    "criteria": {
      "has_white_wool": "2024-07-29 00:35:33 +0000"
    },
    "done": true
  },
  "pixelmon:recipes/machines/computer/lime_pc": {
    "criteria": {
      "has_pc": "2024-07-29 00:57:29 +0000"
    },
    "done": true
  },
  "pixelmon:recipes/decor/umbrella/orange_umbrella": {
    "criteria": {
      "has_wool": "2024-07-29 00:35:33 +0000"
    },
    "done": true
  },
  "pixelmon:recipes/decor/chair/red_chair": {
    "criteria": {
      "has_wool": "2024-07-29 00:35:35 +0000"
    },
    "done": true
  },
  "pixelmon:recipes/decor/chair/light_gray_chair": {
    "criteria": {
      "has_wool": "2024-07-29 00:35:37 +0000"
    },
    "done": true
  },
  "pixelmon:recipes/decor/cushion_chair/blue_cushion_chair": {
    "criteria": {
      "has_wool": "2024-07-29 00:35:33 +0000"
    },
    "done": true
  },
  "DataVersion": 2586
}